mutant	gamma_ratio	GAP	GAP_se
D79S	0.4724471550308971	-2.1668552124437976	0.2207044101691948
G80A	-0.3081776391287427	0.10532561507242257	0.1130145742640426
H141R	1.5888078558100596	0.7744542406549393	0.11289784701177448
K132H	1.5888078558100596	-3.06927453467168	0.10994988984485823
Q147E	-1.7606058333981094	-0.8022647322644457	0.16791717000934142
R108L	-0.3331971977268743	-0.29478256335558517	0.1784316763148346
R78K	-0.834056444455219	-2.3904054473104757	0.1758077288254083
T34A	-3.841655557395808	-1.8581314879635416	0.17110661844986505
T34E	-5.424307938829904	-1.3872284464477618	0.11363615374218648
T34G	-1.3364911426950117	-1.2958610255473484	0.1715236815843408
T34L	-2.983076352544565	-1.2401580804532604	0.15343155486926585
T34Q	-5.424307938829904	-2.3401242879074635	0.1355530182151554
WT	0	0	0.14020961224128306
Y157A	1.5888078558100596	0.7988466074621584	0.13016312652431228
