mutant	gamma_ratio	int	ln_se
D79S	0.4724471550308971	-0.34924999924804	0.17361415803319846
G80A	-0.3081776391287427	-0.5382492447115893	0.06883334782099089
H141R	1.5888078558100596	0.21540718683725055	0.0551945582894165
K132H	1.5888078558100596	0.27659544079292114	0.15810821426278496
Q147E	-1.7606058333981094	-0.45487092714517824	0.04770772971770471
R108L	-0.3331971977268743	-0.25175596280542845	0.06782577408498236
R78K	-0.834056444455219	-1.133309221441172	0.4850050018080367
T34A	-3.841655557395808	-1.2104578722970436	0.40362085854496255
T34E	-5.424307938829904	-1.050643647552717	0.13450055529137006
T34G	-1.3364911426950117	-0.2117970069142067	0.10522865499075627
T34L	-2.983076352544565	-0.29791256875536953	0.05148697757117675
T34Q	-5.424307938829904	-1.333150877898635	0.4665679621294429
WT	0	0	0.06691515174722779
Y157A	1.5888078558100596	0.44145730899716645	0.1487129234751433
